{
    "train": {
        "accuracy": 9.546411962397986,
        "loss": 0.1365384026714631
    },
    "val": {
        "accuracy": 9.35538356476589,
        "loss": 0.9340038319697672
    },
    "step": 9
}
