step	accuracy
0	0.16176250641344447
1	1.7514314796660804
2	2.6187925185048346
3	3.3072457238937725
4	4.111743781432407
5	5.576515178040011
6	6.443898326519267
7	7.683334871382924
8	8.500768639908953
9	9.546411962397986
