step	loss
0	9.67297079859446
1	8.375345759263155
2	7.021066685303116
3	6.838926746300906
4	5.54199313330286
5	4.5288873130294585
6	3.1672005740230658
7	2.3869620166095697
8	1.0610410736750078
9	0.1365384026714631
